id,created_at,updated_at,status,bounty_claim_id,delivery_message,review_message,reviewed_by_id
1,2024-06-20T10:00:00Z,2024-06-25T14:30:00Z,Approved,1,"I've completed the login bug fix. The issue was related to session handling on mobile devices. I've implemented a more robust session management system that works consistently across all platforms. Please review the attached code and let me know if any further changes are needed.","Great work on fixing the login bug. The solution is elegant and works across all tested devices. Code is clean and well-documented. Approved!",2
2,2024-07-15T14:30:00Z,2024-07-20T11:00:00Z,Approved,2,"The dark mode implementation is complete. I've added a toggle in the user settings and ensured all UI elements adapt correctly to the dark theme. I've also included accessibility considerations for high contrast mode. The code has been thoroughly tested across different browsers and devices.","Excellent implementation of the dark mode. The attention to accessibility is commendable. All test cases pass, and the user experience is smooth. Well done!",5
3,2024-07-05T09:45:00Z,2024-07-10T16:20:00Z,Approved,3,"I've optimized the database queries for the main dashboard. The changes include implementing database indexing, query caching, and rewriting some complex queries. Initial tests show a 40% improvement in dashboard load times. Please review the changes and performance metrics attached.","The query optimizations are impressive. Load times have significantly improved, and the changes don't introduce any new issues. Great job on improving performance!",4
4,2024-08-01T11:20:00Z,2024-08-05T09:30:00Z,Approved,4,"The comprehensive user documentation for the new features is now complete. It includes step-by-step guides, video tutorials, and an FAQ section. I've also added a search functionality to help users find information quickly. The documentation has been reviewed by our tech writing team for clarity and accuracy.","The user documentation is thorough and well-organized. The addition of video tutorials and search functionality greatly enhances usability. Excellent work!",7
5,2024-07-10T16:00:00Z,2024-07-15T13:45:00Z,Approved,5,"I've developed the RESTful API endpoints for mobile app integration. The API includes authentication, data retrieval, and update functionalities. I've also implemented rate limiting and proper error handling. Swagger documentation is included for easy integration by the mobile team.","The API implementation is robust and well-documented. The inclusion of rate limiting and comprehensive error handling is appreciated. Swagger docs look great. Approved!",6
6,2024-07-20T13:15:00Z,2024-07-25T10:00:00Z,Approved,6,"The social login feature has been implemented. Users can now log in using their Google or Facebook accounts. The implementation includes secure OAuth2 flow and proper user data handling. I've also added an option for users to link their existing accounts with social logins.","Social login implementation works flawlessly. The OAuth2 flow is secure, and the account linking feature is a great addition. Well executed!",3
7,2024-07-25T10:30:00Z,2024-07-30T15:20:00Z,Rejected,7,"I've created three logo designs for the product rebrand. Each design captures a different aspect of our product's vision. The designs are attached in both vector and raster formats. I've also included a brief explanation of the thought process behind each design.","While the designs show creativity, they don't quite align with our brand vision. Please revisit the brand guidelines and try a few more iterations. Happy to discuss further.",9
8,2024-08-20T15:45:00Z,2024-08-25T11:30:00Z,Approved,8,"The authentication system has been refactored for improved security and scalability. Changes include implementing JWT for stateless authentication, adding two-factor authentication support, and improving password hashing algorithms. The system has been thoroughly tested for security vulnerabilities.","The refactored authentication system is a significant improvement. The implementation of JWT and 2FA enhances security considerably. Code is clean and well-tested. Great job!",10
9,2024-08-10T12:00:00Z,2024-08-15T14:15:00Z,Approved,9,"Multi-language support has been successfully implemented. The system now supports English, Spanish, French, German, and Mandarin. All UI elements, error messages, and email templates are now localized. I've also implemented a language detection feature based on the user's browser settings.","The multi-language implementation is comprehensive and works smoothly. The language detection feature is a nice touch. All translations are accurate. Excellent work!",5
10,2024-08-15T09:00:00Z,2024-08-20T16:40:00Z,Approved,10,"I've created a comprehensive automated test suite for the project. It includes unit tests, integration tests, and end-to-end tests. The suite covers all critical functionalities and edge cases. I've also set up continuous integration to run these tests automatically on each commit.","The test suite is extensive and well-structured. It covers all major functionalities and edge cases. The CI integration is set up correctly. This will greatly improve our development process. Approved!",2