id,organisation_id,balance
SKuSEBntyzYmFKmx45twCZ,Ft3NuKffhSFuPYPP4Fk7US,10000
PfwiVdRVa8C9PHzZt9GBmv,N1cfUT6ZBbMESZdnArh4qT,15000
5yzXXHJgqkX9qvSsibWnSn,Epyiswp87Tys7Uq2YjBq5A,8000
BNinPQgfbCzBuGWTpcLaeT,AVEz1AWBpbDFBCGBoMoUXE,12000
XoVU9gCf5nTzE2Lb3tq5UU,Ux7Qe3MzUiZALPyCNVJHry,9500
5si7BzUnBvnFYGAE3bbNSz,8FwG4wgqHDv9t9QtatVAVM,11000
JWLhLXRh7p5XZTA87vxmLf,JDMrgAVxNtvJounETQMpzv,13500
z3yNmyNCw5iG5CnCk7tvs,Q24CwUfGkiMiRF7o7hSzbz,7000
UNQWY6NYvYjjPHzCP6QeFD,6DxC1qAY2SxPx5aNtVkN2A,9000
A5HE2ubFQukb414HKxAfHv,V7AYWECbNGWasJQNK7CxME,10500
VXriy1RGJzjVUm1zhJqmCH,5A9v7HQdB4g76xSQoGBRJ3,8500
4Ej73qK54kZ6weci2PDo7N,GoN9FL7ZqgyyQhyJvVU3wQ,14000
