id,created_at,date_joined,email,first_name,groups,is_active,is_staff,is_superuser,is_test_user,last_login,last_name,password,password_reset_required,remaining_budget_for_failed_logins,updated_at,user_permissions,username
2,2024-05-06T17:34:15.749Z,2024-05-06T17:34:15.114Z,dogukan@example.com,,[],True,True,True,False,2024-05-06T17:35:12.382Z,,pbkdf2_sha256$600000$PUKoz5uaEPSasBynWFnRtF$lI4ZR90RuNnZPiUpFQcjugJvC32Q5AFWM2vQpvrtAt8=,False,3,2024-05-06T17:34:15.749Z,[],dogukan
3,2024-05-06T17:34:16.312Z,2024-05-06T17:34:15.751Z,john.doe@example.com,,[],True,False,False,False,,,pbkdf2_sha256$600000$ipWPig7x8zyF66dxl3bjHW$12qeFO01jD8MERPOZguu0NkPVGkBjyQDt+67ORyRNUo=,False,3,2024-05-06T17:34:16.312Z,[],johndoe
4,2024-05-06T17:34:16.857Z,2024-05-06T17:34:16.314Z,emily.smith@example.com,,[],True,False,False,False,,,pbkdf2_sha256$600000$w0WNtgiMOKNPoe7ycazgHz$G3jNhhxiXf5004DuG62XYeA0xxp0W9bRWZktJH/l4lA=,False,3,2024-05-06T17:34:16.857Z,[],emilysmith
5,2024-05-06T17:34:17.384Z,2024-05-06T17:34:16.860Z,michael.johnson@example.com,,[],True,False,False,False,,,pbkdf2_sha256$600000$hfrxhqAuVVTbB3fN8ICM5n$l7ydtLnPsQOKSLDEt7rH7SKCkbdCS8HSJVpYw7nnZPo=,False,3,2024-05-06T17:34:17.384Z,[],michaeljohnson
6,2024-05-06T17:34:17.892Z,2024-05-06T17:34:17.386Z,sophia.garcia@example.com,,[],True,False,False,False,,,pbkdf2_sha256$600000$gmVuYnXb2ZT2WPVpwiM7In$rEyHbrg+5lonfWWXdgHj0sCnknviiBDL6czSp4u+axc=,False,3,2024-05-06T17:34:17.892Z,[],sophiagarcia
7,2024-05-06T17:34:18.375Z,2024-05-06T17:34:17.895Z,william.anderson@example.com,,[],True,False,False,False,,,pbkdf2_sha256$600000$UqAFWuBC0erf8iONMDSxYz$wsO68ksx/4pmJmFAvqYc+34TYhHK5jDMHFGR7UnITNw=,False,3,2024-05-06T17:34:18.375Z,[],williamanderson
8,2024-05-06T17:34:18.856Z,2024-05-06T17:34:18.377Z,olivia.brown@example.com,,[],True,False,False,False,,,pbkdf2_sha256$600000$6r6IyOiLPzP4b986vtVrT3$sbGl6N4u6I8kB8KjjSuMPoW7f8N/hdQvxfRZE+awFE0=,False,3,2024-05-06T17:34:18.856Z,[],oliviabrown
9,2024-05-06T17:34:19.340Z,2024-05-06T17:34:18.859Z,james.wilson@example.com,,[],True,False,False,False,,,pbkdf2_sha256$600000$z4Dl4747BxPOlQPTCFhRei$Bg5yBK89TxvToobTI3UWLYY6klbdGC65Yh2vU1X5Sc8=,False,3,2024-05-06T17:34:19.340Z,[],jameswilson
10,2024-05-06T17:34:19.823Z,2024-05-06T17:34:19.342Z,emma.lee@example.com,,[],True,False,False,False,,,pbkdf2_sha256$600000$DJGOLvJe44lnW41ooEEK3g$WQFJhl4mpZPOBpUs+IyDSPkzRaFCQZPQHWA2WYD5xPg=,False,3,2024-05-06T17:34:19.823Z,[],emmalee
11,2024-05-06T17:34:20.305Z,2024-05-06T17:34:19.825Z,david.nguyen@example.com,,[],True,False,False,False,,,pbkdf2_sha256$600000$2eWwBzKasRU7Xkfvo27Men$sNoYRX1ZQ1NXTOJIxE7njcmgR1ivSeUvFIhfLU2wvXI=,False,3,2024-05-06T17:34:20.305Z,[],davidnguyen
12,2024-05-06T17:34:20.787Z,2024-05-06T17:34:20.307Z,sarah.graham@example.com,,[],True,False,False,False,,,pbkdf2_sha256$600000$kIZb3T1j8304ChvmQHAiOf$oUQWVBODQxNipWgtCyqNgueEIQY0bqnHr5BGChEBBUc=,False,3,2024-05-06T17:34:20.787Z,[],sarahgraham
13,2024-05-06T17:34:21.270Z,2024-05-06T17:34:20.789Z,kevin.miller@example.com,,[],True,False,False,False,,,pbkdf2_sha256$600000$tt9GabYlTFC4Upr1dV5vLf$kubQQPnXb0Zs+dAHU0qMs6Ry2oQbjYGt0dYsypAT9sI=,False,3,2024-05-06T17:34:21.270Z,[],kevinmiller
14,2024-05-06T17:34:21.758Z,2024-05-06T17:34:21.273Z,jessica.lopez@example.com,,[],True,False,False,False,,,pbkdf2_sha256$600000$SbtyRtogCNkvGa6MDauQyE$l25AyYJTFqYvs5yBDkPvTmrwXbEQRZZO2WgJHpVpGRM=,False,3,2024-05-06T17:34:21.758Z,[],jessicalopez
15,2024-05-06T17:34:22.253Z,2024-05-06T17:34:21.761Z,alex.robinson@example.com,,[],True,False,False,False,,,pbkdf2_sha256$600000$8cHL2fPIIkg91fg8Xdq7yS$byzYw7Qv22q6CJgekGdho9FeCIU5YZDoLZzmkfjUDrA=,False,3,2024-05-06T17:34:22.253Z,[],alexrobinson
16,2024-05-06T17:34:22.738Z,2024-05-06T17:34:22.256Z,amanda.baker@example.com,,[],True,False,False,False,,,pbkdf2_sha256$600000$uEgaOyEG2YjcPKnIdYY7bJ$SzzlzLESEh6bRVwQu//Eo8PAgwn8hP+lKYm/41HSaS4=,False,3,2024-05-06T17:34:22.739Z,[],amandabaker
17,2024-05-06T17:34:23.229Z,2024-05-06T17:34:22.741Z,mark.taylor@example.com,,[],True,False,False,False,,,pbkdf2_sha256$600000$Y7LvidyzFrsaAphblA7mbU$nS3ZED5tdTb9F6tf+YQ01GqEX2UzsBq0ODIhy+6qqvw=,False,3,2024-05-06T17:34:23.229Z,[],marktaylor
18,2024-05-06T17:34:23.717Z,2024-05-06T17:34:23.231Z,grace.hernandez@example.com,,[],True,False,False,False,,,pbkdf2_sha256$600000$B0lTT77CTuZG0jWgQ7imZb$Uqz+H+t98sdjl6/j+OCbR+Acyi4UKLBouI9Y82HDIcU=,False,3,2024-05-06T17:34:23.717Z,[],gracehernandez
19,2024-05-06T17:34:24.212Z,2024-05-06T17:34:23.720Z,robert.allen@example.com,,[],True,False,False,False,,,pbkdf2_sha256$600000$eJvxdrt8N519T5nvmI8wf0$MXCo3ghMTK5lL5L4WSyAlbgBOpjvzzHhM3iNHWpIp3g=,False,3,2024-05-06T17:34:24.212Z,[],robertallen
20,2024-05-06T17:34:24.719Z,2024-05-06T17:34:24.215Z,rachel.thomas@example.com,,[],True,False,False,False,,,pbkdf2_sha256$600000$EtzDCZ9Q7m1RZ2hJEe0ExS$zi4zGLe9RIrsc6oZdB7NGmUTPlmSy9phSxFx2FbbmwI=,False,3,2024-05-06T17:34:24.719Z,[],rachelthomas
21,2024-05-06T17:34:25.216Z,2024-05-06T17:34:24.721Z,daniel.wilson@example.com,,[],True,False,False,False,,,pbkdf2_sha256$600000$ESysOrvFYfNXc76wrbas1K$3tQxn/bFoBXSoP15niClPYvAixsgvIz6Y6eo0oJHzdU=,False,3,2024-05-06T17:34:25.216Z,[],danielwilson
22,2024-05-06T17:34:25.710Z,2024-05-06T17:34:25.219Z,michelle.carter@example.com,,[],True,False,False,False,,,pbkdf2_sha256$600000$QHge20wRfDkP61g5vvKdOA$IPWgFbSjsJA3RFT4pMBACK7jcjZ8pGKfBfQA8n6w9ak=,False,3,2024-05-06T17:34:25.710Z,[],michellecarter
23,2024-05-06T17:34:26.194Z,2024-05-06T17:34:25.711Z,andrew.wong@example.com,,[],True,False,False,False,,,pbkdf2_sha256$600000$CmvO6Qzw9ok5KOdoJsXVG7$kY2xt6UcGXusfhX5fw17xxaJvxZtwnANLz7Kmg1jsWs=,False,3,2024-05-06T17:34:26.194Z,[],andrewwong
24,2024-05-06T17:34:26.691Z,2024-05-06T17:34:26.196Z,natalie.parker@example.com,,[],True,False,False,False,,,pbkdf2_sha256$600000$I1s3tbal53uw92HCZI5qO9$PvqbNHuYSPpY5joQwEtBX9l97vme57nBkq5RF+Kv2fk=,False,3,2024-05-06T17:34:26.691Z,[],natalieparker
25,2024-05-06T17:34:27.252Z,2024-05-06T17:34:26.692Z,jason.miller@example.com,,[],True,False,False,False,,,pbkdf2_sha256$600000$zzYzW3tKiCKLkbN9vfjH6t$3llTxy9hkAv8pXlwluVSv/3MELKEJ6+rvlo2z8nLc3o=,False,3,2024-05-06T17:34:27.252Z,[],jasonmiller
26,2024-05-06T17:34:27.799Z,2024-05-06T17:34:27.254Z,samantha.white@example.com,,[],True,False,False,False,,,pbkdf2_sha256$600000$kLBDsYN3a5Ze8Ex8Kw50Sd$17ywmubyZOF03Inl7khcj3iaMPi37SBLs43acx0/nmI=,False,3,2024-05-06T17:34:27.799Z,[],samanthawhite
27,2024-05-06T17:34:28.407Z,2024-05-06T17:34:27.801Z,christopher.lee@example.com,,[],True,False,False,False,,,pbkdf2_sha256$600000$f63lspV1KldzOHDOtnmiSi$QtMzuWfbb314oi7pQ/Kf7R496rT436V+lVvAo1domA8=,False,3,2024-05-06T17:34:28.407Z,[],christopherlee
28,2024-05-06T17:34:28.950Z,2024-05-06T17:34:28.410Z,melissa.chen@example.com,,[],True,False,False,False,,,pbkdf2_sha256$600000$XfZmB7PN31rHY5oAtJvqkl$ATFqOFrpKQmhDPz2bKr7sTi+yAueIurgkSoOo4rAkBc=,False,3,2024-05-06T17:34:28.950Z,[],melissachen
29,2024-05-06T17:34:29.447Z,2024-05-06T17:34:28.952Z,jonathan.murphy@example.com,,[],True,False,False,False,,,pbkdf2_sha256$600000$qhrkZuw20F7UPtSmTW21dg$vrtVg8yuPY7JEWKhAczAoEkcLm6AmFJR8CMuKPwh/S8=,False,3,2024-05-06T17:34:29.447Z,[],jonathanmurphy
30,2024-05-06T17:34:29.927Z,2024-05-06T17:34:29.449Z,stephanie.allen@example.com,,[],True,False,False,False,,,pbkdf2_sha256$600000$JepaD8nAmyxhc74J68zOHc$UVcuZWOUQRKQaQ0XPwhjqcQE8RQunHIBV7HJ4BEPJIw=,False,3,2024-05-06T17:34:29.927Z,[],stephanieallen
31,2024-05-06T17:34:30.426Z,2024-05-06T17:34:29.930Z,brandon.perez@example.com,,[],True,False,False,False,,,pbkdf2_sha256$600000$inyJVWfaBdGiI3rcKQq9l7$CJeACi2w0SnMRyqyz6QYOzcsy8huLv2xMSZn2Z26HJk=,False,3,2024-05-06T17:34:30.426Z,[],brandonperez
32,2024-05-06T17:34:30.919Z,2024-05-06T17:34:30.428Z,amy.turner@example.com,,[],True,False,False,False,,,pbkdf2_sha256$600000$R6dQSu3Udcu7LwhTGGhCcl$HUQiDLHe2CN5MBX2FGnGGK6BAkcEH/r1teHXHobIQrk=,False,3,2024-05-06T17:34:30.919Z,[],amyturner
33,2024-05-06T17:34:31.460Z,2024-05-06T17:34:30.921Z,ryan.flores@example.com,,[],True,False,False,False,,,pbkdf2_sha256$600000$WtbDj2sXCy13Pvhm9kdwHQ$zvf0uHR9UZ9nfEZQaD4MwE8muRT+dqBVSIpTYCaPbH4=,False,3,2024-05-06T17:34:31.460Z,[],ryanflores
34,2024-05-06T17:34:31.979Z,2024-05-06T17:34:31.462Z,lauren.barnes@example.com,,[],True,False,False,False,,,pbkdf2_sha256$600000$0nWPh12EuRmj5AmbgRAEtm$ywkHJR24nNwJg04Xtz878qsm51ubOhaodakTM8t8fvc=,False,3,2024-05-06T17:34:31.979Z,[],laurenbarnes
35,2024-05-06T17:34:32.503Z,2024-05-06T17:34:31.981Z,eric.rivera@example.com,,[],True,False,False,False,,,pbkdf2_sha256$600000$tjKkt36c5aXtVwyBjP8qrz$Atg8+220ZGtQio/6mIRneBW49Gr7TqRSomdw7F3eAbQ=,False,3,2024-05-06T17:34:32.503Z,[],ericrivera
36,2024-05-06T17:34:32.997Z,2024-05-06T17:34:32.505Z,hannah.cooper@example.com,,[],True,False,False,False,,,pbkdf2_sha256$600000$WsYd3melKEjVkC66AnW9zk$1lyzZrEV5KCFVQ/RErG1l3VuX6PIltXqwHyMIb77xgk=,False,3,2024-05-06T17:34:32.997Z,[],hannahcooper
37,2024-05-06T17:34:33.525Z,2024-05-06T17:34:33.000Z,patrick.young@example.com,,[],True,False,False,False,,,pbkdf2_sha256$600000$6YZpu1TtKjstILtBsthSWZ$qIwCu0/f61JAFcx/4JCGQoZzlHyH8A26gCLPUdsrgK0=,False,3,2024-05-06T17:34:33.525Z,[],patrickyoung
38,2024-05-06T17:34:34.044Z,2024-05-06T17:34:33.527Z,olivia.hill@example.com,,[],True,False,False,False,,,pbkdf2_sha256$600000$rwe28tQYKWpxtEoStTAmKU$pAEq6z6YtzyBZblXMET9TTR5/QnCyeLJDWXDn86I8z4=,False,3,2024-05-06T17:34:34.044Z,[],oliviahill
39,2024-05-06T17:34:34.614Z,2024-05-06T17:34:34.045Z,matthew.martin@example.com,,[],True,False,False,False,,,pbkdf2_sha256$600000$E6pnflulf21plafvNJCwEE$11NkNzm1cka5sdssRdiG21sVHITd9Gxrr/6vLa5Y4Vs=,False,3,2024-05-06T17:34:34.614Z,[],matthewmartin
40,2024-05-06T17:34:34.614Z,2024-05-06T17:34:34.045Z,paceywitter@example.com,Pacey,[],True,False,False,False,,Witter,pbkdf2_sha256$600000$1tF5lg6h0HxMd7RdOoKs50$xD2Hq9Pl0TveBMmnaT1BJ8CDZ6tAYD/jZG4B7rawkbo=,False,3,2024-05-06T17:34:34.614Z,[],paceywitter
41,2024-05-06T17:34:34.614Z,2024-05-06T17:34:34.045Z,reginageorge@example.com,Regina,[],True,False,False,False,,George,pbkdf2_sha256$600000$1tF5lg6h0HxMd7RdOoKs50$xD2Hq9Pl0TveBMmnaT1BJ8CDZ6tAYD/jZG4B7rawkbo=,False,3,2024-05-06T17:34:34.614Z,[],reginageorge
