id,accepted_at,person_id,agreement_template_id
EMmzqP5JpeyjzDcbf7ogig,2024-01-15 10:30:00,1,1
Q1HrWmTMhiWTim8nuPJQQw,2024-02-20 14:45:00,K8BimufUsEu2m8aREjA2Uo,2
LdvzQ6vLyukgCoh4DEaQHT,2024-03-25 09:15:00,5awxzEZRKBCUB2Z6aARJiG,3
D86yJMGaYhQpiUCfy7NvW2,2024-04-10 16:00:00,CWz1sDUiS8aLkvCNvJwhMm,4
9dS1zhzcdCjSAeWrynaBrD,2024-05-05 11:30:00,GTWK7A95whVQ4ZwrBo2jci,5
97eWDu2NiS5x6m4WVMRbr5,2024-06-12 13:20:00,7DmBrkXhewLC15ZwcnCUuZ,1
36KDtFTsn3miee1AKK87oj,2024-07-18 08:45:00,69pszWq4Dqt9v1owDvuWoS,2
DA6qfWTFSCVfrv4AVCYJwE,2024-08-22 15:10:00,Do3MZ7Srkuo1ew3Pp5kK2R,3
Vynp4JEKXho431AH225qhi,2024-09-30 10:55:00,2Fg9Fv6QSKCko2TeiYyinB,4
Nu1KFxRtUy2VvxoBfcZA1a,2024-10-05 17:40:00,J3eUHhn5wY46ysLy1EDwYP,5
