id,role,person_id,product_id
PaAmaer3qQ1ZvdZ7SHzbKE,Product Manager,1,3trKw35JC6kqiiJMGaoET7
A6BaWAedPtXq3VbBVnmoHS,Developer,K8BimufUsEu2m8aREjA2Uo,3trKw35JC6kqiiJMGaoET7
2toLGEFuGQCUuce7i15EUF,Designer,5awxzEZRKBCUB2Z6aARJiG,3trKw35JC6kqiiJMGaoET7
Vg8GQxf6DpY1WLAJ4seJL7,Product Manager,CWz1sDUiS8aLkvCNvJwhMm,Qrr881rBrVcXuUPD9rfpAu
6argevSuXkSdVDScVYhkec,Developer,GTWK7A95whVQ4ZwrBo2jci,Qrr881rBrVcXuUPD9rfpAu
ReGdYfNucPvqgMrmEFoXZN,Designer,7DmBrkXhewLC15ZwcnCUuZ,Qrr881rBrVcXuUPD9rfpAu
HvAo51xa3SoHsbaeXcbmfN,Product Manager,69pszWq4Dqt9v1owDvuWoS,QgNWurbk6QANXZ58ZbsiPw
XAZ8cajp8DZSEDFy2R6HoW,Developer,Do3MZ7Srkuo1ew3Pp5kK2R,QgNWurbk6QANXZ58ZbsiPw
RKpATa1TjjSZ8g52gDX58y,Designer,2Fg9Fv6QSKCko2TeiYyinB,QgNWurbk6QANXZ58ZbsiPw
PA37yyA3zr9d2cvfMV5RbX,Product Manager,J3eUHhn5wY46ysLy1EDwYP,V1b3PhSKcjj4FpkUG7oajm
